Page_Name,Start_Time,End_Time,Duration
Welcome_1,1754144916.648036,1754144919.477056,2.8290200233459473
Instructions_1,1754144919.4833322,1754144922.282509,2.7991769313812256
Practice_1,1754144922.286059,1754144923.8093288,1.5232698917388916
MainTask_1,1754144923.8134542,1754144924.875045,1.0615909099578857
ThankYou_1,1754144924.877889,1754144925.775734,0.8978450298309326
