Page_Name,Start_Time,End_Time,Duration
Welcome_1,1754318174.1561542,1754318175.2603688,1.1042146682739258
Instructions_1,1754318175.267829,1754318176.2770681,1.0092391967773438
List_1,1754318176.28111,1754318191.6918788,15.410768747329712
List_2,1754318191.695634,1754318201.7066612,10.011027336120605
List_3,1754318201.709871,1754318211.7209961,10.011125087738037
ThankYou_1,1754318211.72483,1754318213.032328,1.3074979782104492
