Page_Name,Start_Time,End_Time,Duration
Welcome_1,1754411392.0999172,1754411393.664921,1.5650038719177246
Instructions_1,1754411393.664982,1754411394.38435,0.7193679809570312
List_1,1754411394.384429,1754411406.667369,12.282939910888672
List_2,1754411406.667417,1754411418.649057,11.981639862060547
List_3,1754411418.6491148,1754411430.624515,11.97540020942688
ThankYou_1,1754411430.6246011,1754411432.051448,1.426846981048584
